AAA Batteries (4-pack), 2.99
AA Batteries (4-pack), 3.84
USB-C Charging Cable, 11.95
Wired Headphones, 11.99
Lightning Charging Cable, 14.95
Bose SoundSport Headphones, 99.99
20in Monitor, 109.99
27in FHD Monitor, 149.99
Apple Airpods Headphones, 150.00
Flatscreen TV, 300.00
34in Ultrawide Monitor, 379.99
27in 4K Gaming Monitor, 389.99
Vareebadd Phone, 400.00
Google Phone, 600.00
LG Dryer, 600.00
LG Washing Machine, 600.00
iPhone, 700.00
ThinkPad Laptop, 999.99
Macbook Pro Laptop, 1700.00
AAA Batteries (4-pack), 2.99
AA Batteries (4-pack), 3.84
USB-C Charging Cable, 11.95
Wired Headphones, 11.99
Lightning Charging Cable, 14.95
Bose SoundSport Headphones, 99.99
20in Monitor, 109.99
27in FHD Monitor, 149.99
Apple Airpods Headphones, 150.00
Flatscreen TV, 300.00
34in Ultrawide Monitor, 379.99
27in 4K Gaming Monitor, 389.99
Vareebadd Phone, 400.00
Google Phone, 600.00
LG Dryer, 600.00
LG Washing Machine, 600.00
iPhone, 700.00
ThinkPad Laptop, 999.99
Macbook Pro Laptop, 1700.00
